year,month,pct_area,experiment,dry_category,robustness
2016,1,72.089554,OPL,D0,main
2016,2,70.39304,OPL,D0,main
2016,3,47.12414,OPL,D0,main
2016,4,57.298817,OPL,D0,main
2016,5,31.79663,OPL,D0,main
2016,6,31.915157,OPL,D0,main
2016,7,26.232063,OPL,D0,main
2016,8,26.406738,OPL,D0,main
2016,9,28.116032,OPL,D0,main
2016,10,24.578915,OPL,D0,main
2016,11,4.217093,OPL,D0,main
2016,12,0.1871491,OPL,D0,main
2017,1,0.23081721,OPL,D0,main
2017,2,0.9170306,OPL,D0,main
2017,3,5.7080474,OPL,D0,main
2017,4,40.686214,OPL,D0,main
2017,5,51.21023,OPL,D0,main
2017,6,47.055523,OPL,D0,main
2017,7,49.30755,OPL,D0,main
2017,8,46.993137,OPL,D0,main
2017,9,57.049282,OPL,D0,main
2017,10,47.055523,OPL,D0,main
2017,11,77.83531,OPL,D0,main
2017,12,60.979416,OPL,D0,main
2018,1,28.041172,OPL,D0,main
2018,2,10.854648,OPL,D0,main
2018,3,9.04554,OPL,D0,main
2018,4,27.074236,OPL,D0,main
2018,5,11.603244,OPL,D0,main
2018,6,16.481598,OPL,D0,main
2018,7,21.584528,OPL,D0,main
2018,8,15.826575,OPL,D0,main
2018,9,9.064254,OPL,D0,main
2018,10,4.4791017,OPL,D0,main
2018,11,1.3724266,OPL,D0,main
2018,12,9.195259,OPL,D0,main
2019,1,16.737368,OPL,D0,main
2019,2,40.85465,OPL,D0,main
2019,3,53.006863,OPL,D0,main
2019,4,28.159702,OPL,D0,main
2019,5,64.44791,OPL,D0,main
2019,6,66.812225,OPL,D0,main
2019,7,64.865875,OPL,D0,main
2019,8,64.08609,OPL,D0,main
2019,9,54.19214,OPL,D0,main
2019,10,63.025578,OPL,D0,main
2019,11,67.804115,OPL,D0,main
2019,12,67.40487,OPL,D0,main
2020,1,71.32252,OPL,D0,main
2020,2,87.0068,OPL,D0,main
2020,3,85.11541,OPL,D0,main
2020,4,46.781036,OPL,D0,main
2020,5,40.941982,OPL,D0,main
2020,6,37.735497,OPL,D0,main
2020,7,38.00998,OPL,D0,main
2020,8,46.68746,OPL,D0,main
2020,9,51.57829,OPL,D0,main
2020,10,60.860886,OPL,D0,main
2020,11,48.771053,OPL,D0,main
2020,12,62.23331,OPL,D0,main
2016,1,50.52239,OPL,D1,main
2016,2,43.43915,OPL,D1,main
2016,3,19.313787,OPL,D1,main
2016,4,33.16906,OPL,D1,main
2016,5,16.768559,OPL,D1,main
2016,6,18.771053,OPL,D1,main
2016,7,11.172801,OPL,D1,main
2016,8,13.562071,OPL,D1,main
2016,9,10.792264,OPL,D1,main
2016,10,8.820961,OPL,D1,main
2016,11,0.3742982,OPL,D1,main
2016,12,0.03742982,OPL,D1,main
2017,1,0.106051154,OPL,D1,main
2017,2,0.3742982,OPL,D1,main
2017,3,2.4578915,OPL,D1,main
2017,4,13.537118,OPL,D1,main
2017,5,26.862133,OPL,D1,main
2017,6,24.104803,OPL,D1,main
2017,7,29.276356,OPL,D1,main
2017,8,23.93637,OPL,D1,main
2017,9,31.154087,OPL,D1,main
2017,10,23.480972,OPL,D1,main
2017,11,53.805363,OPL,D1,main
2017,12,28.471617,OPL,D1,main
2018,1,14.535247,OPL,D1,main
2018,2,4.1297565,OPL,D1,main
2018,3,2.8883343,OPL,D1,main
2018,4,15.321273,OPL,D1,main
2018,5,5.714286,OPL,D1,main
2018,6,7.411104,OPL,D1,main
2018,7,12.800998,OPL,D1,main
2018,8,8.01622,OPL,D1,main
2018,9,4.148472,OPL,D1,main
2018,10,1.9151591,OPL,D1,main
2018,11,0.49282596,OPL,D1,main
2018,12,1.6531503,OPL,D1,main
2019,1,7.3799124,OPL,D1,main
2019,2,22.1335,OPL,D1,main
2019,3,17.829071,OPL,D1,main
2019,4,8.64005,OPL,D1,main
2019,5,26.75608,OPL,D1,main
2019,6,28.702433,OPL,D1,main
2019,7,26.562695,OPL,D1,main
2019,8,28.646288,OPL,D1,main
2019,9,19.320024,OPL,D1,main
2019,10,32.1335,OPL,D1,main
2019,11,26.980663,OPL,D1,main
2019,12,39.912666,OPL,D1,main
2020,1,48.41547,OPL,D1,main
2020,2,45.449738,OPL,D1,main
2020,3,57.510918,OPL,D1,main
2020,4,29.3325,OPL,D1,main
2020,5,23.89894,OPL,D1,main
2020,6,21.010605,OPL,D1,main
2020,7,20.18715,OPL,D1,main
2020,8,25.839052,OPL,D1,main
2020,9,34.585155,OPL,D1,main
2020,10,33.64941,OPL,D1,main
2020,11,18.34685,OPL,D1,main
2020,12,29.92514,OPL,D1,main
2016,1,50.52239,OPL,D2,cautious_supplementary
2016,2,43.43915,OPL,D2,cautious_supplementary
2016,3,19.313787,OPL,D2,cautious_supplementary
2016,4,33.16906,OPL,D2,cautious_supplementary
2016,5,16.768559,OPL,D2,cautious_supplementary
2016,6,18.771053,OPL,D2,cautious_supplementary
2016,7,11.172801,OPL,D2,cautious_supplementary
2016,8,13.562071,OPL,D2,cautious_supplementary
2016,9,10.792264,OPL,D2,cautious_supplementary
2016,10,8.820961,OPL,D2,cautious_supplementary
2016,11,0.3742982,OPL,D2,cautious_supplementary
2016,12,0.03742982,OPL,D2,cautious_supplementary
2017,1,0.0062383036,OPL,D2,cautious_supplementary
2017,2,0.07485964,OPL,D2,cautious_supplementary
2017,3,2.4578915,OPL,D2,cautious_supplementary
2017,4,13.537118,OPL,D2,cautious_supplementary
2017,5,26.862133,OPL,D2,cautious_supplementary
2017,6,24.104803,OPL,D2,cautious_supplementary
2017,7,29.276356,OPL,D2,cautious_supplementary
2017,8,23.93637,OPL,D2,cautious_supplementary
2017,9,31.154087,OPL,D2,cautious_supplementary
2017,10,23.480972,OPL,D2,cautious_supplementary
2017,11,53.805363,OPL,D2,cautious_supplementary
2017,12,28.471617,OPL,D2,cautious_supplementary
2018,1,5.84529,OPL,D2,cautious_supplementary
2018,2,1.5096693,OPL,D2,cautious_supplementary
2018,3,2.8883343,OPL,D2,cautious_supplementary
2018,4,15.321273,OPL,D2,cautious_supplementary
2018,5,5.714286,OPL,D2,cautious_supplementary
2018,6,7.411104,OPL,D2,cautious_supplementary
2018,7,12.800998,OPL,D2,cautious_supplementary
2018,8,8.01622,OPL,D2,cautious_supplementary
2018,9,4.148472,OPL,D2,cautious_supplementary
2018,10,1.9151591,OPL,D2,cautious_supplementary
2018,11,0.49282596,OPL,D2,cautious_supplementary
2018,12,1.6531503,OPL,D2,cautious_supplementary
2019,1,1.1665628,OPL,D2,cautious_supplementary
2019,2,7.585777,OPL,D2,cautious_supplementary
2019,3,17.829071,OPL,D2,cautious_supplementary
2019,4,8.64005,OPL,D2,cautious_supplementary
2019,5,26.75608,OPL,D2,cautious_supplementary
2019,6,28.702433,OPL,D2,cautious_supplementary
2019,7,26.562695,OPL,D2,cautious_supplementary
2019,8,28.646288,OPL,D2,cautious_supplementary
2019,9,19.320024,OPL,D2,cautious_supplementary
2019,10,32.1335,OPL,D2,cautious_supplementary
2019,11,26.980663,OPL,D2,cautious_supplementary
2019,12,39.912666,OPL,D2,cautious_supplementary
2020,1,21.933874,OPL,D2,cautious_supplementary
2020,2,45.449738,OPL,D2,cautious_supplementary
2020,3,57.510918,OPL,D2,cautious_supplementary
2020,4,29.3325,OPL,D2,cautious_supplementary
2020,5,23.89894,OPL,D2,cautious_supplementary
2020,6,21.010605,OPL,D2,cautious_supplementary
2020,7,20.18715,OPL,D2,cautious_supplementary
2020,8,25.839052,OPL,D2,cautious_supplementary
2020,9,34.585155,OPL,D2,cautious_supplementary
2020,10,33.64941,OPL,D2,cautious_supplementary
2020,11,18.34685,OPL,D2,cautious_supplementary
2020,12,29.92514,OPL,D2,cautious_supplementary
2016,1,0.0,OPL,D3,qc_only_not_robust_with_5yr_reference
2016,2,0.0,OPL,D3,qc_only_not_robust_with_5yr_reference
2016,3,0.0,OPL,D3,qc_only_not_robust_with_5yr_reference
2016,4,0.0,OPL,D3,qc_only_not_robust_with_5yr_reference
2016,5,0.0,OPL,D3,qc_only_not_robust_with_5yr_reference
2016,6,0.0,OPL,D3,qc_only_not_robust_with_5yr_reference
2016,7,0.0,OPL,D3,qc_only_not_robust_with_5yr_reference
2016,8,0.0,OPL,D3,qc_only_not_robust_with_5yr_reference
2016,9,0.0,OPL,D3,qc_only_not_robust_with_5yr_reference
2016,10,0.0,OPL,D3,qc_only_not_robust_with_5yr_reference
2016,11,0.0,OPL,D3,qc_only_not_robust_with_5yr_reference
2016,12,0.0,OPL,D3,qc_only_not_robust_with_5yr_reference
2017,1,0.0,OPL,D3,qc_only_not_robust_with_5yr_reference
2017,2,0.0,OPL,D3,qc_only_not_robust_with_5yr_reference
2017,3,0.0,OPL,D3,qc_only_not_robust_with_5yr_reference
2017,4,0.0,OPL,D3,qc_only_not_robust_with_5yr_reference
2017,5,0.0,OPL,D3,qc_only_not_robust_with_5yr_reference
2017,6,0.0,OPL,D3,qc_only_not_robust_with_5yr_reference
2017,7,0.0,OPL,D3,qc_only_not_robust_with_5yr_reference
2017,8,0.0,OPL,D3,qc_only_not_robust_with_5yr_reference
2017,9,0.0,OPL,D3,qc_only_not_robust_with_5yr_reference
2017,10,0.0,OPL,D3,qc_only_not_robust_with_5yr_reference
2017,11,0.0,OPL,D3,qc_only_not_robust_with_5yr_reference
2017,12,0.0,OPL,D3,qc_only_not_robust_with_5yr_reference
2018,1,0.0,OPL,D3,qc_only_not_robust_with_5yr_reference
2018,2,0.0,OPL,D3,qc_only_not_robust_with_5yr_reference
2018,3,0.0,OPL,D3,qc_only_not_robust_with_5yr_reference
2018,4,0.0,OPL,D3,qc_only_not_robust_with_5yr_reference
2018,5,0.0,OPL,D3,qc_only_not_robust_with_5yr_reference
2018,6,0.0,OPL,D3,qc_only_not_robust_with_5yr_reference
2018,7,0.0,OPL,D3,qc_only_not_robust_with_5yr_reference
2018,8,0.0,OPL,D3,qc_only_not_robust_with_5yr_reference
2018,9,0.0,OPL,D3,qc_only_not_robust_with_5yr_reference
2018,10,0.0,OPL,D3,qc_only_not_robust_with_5yr_reference
2018,11,0.0,OPL,D3,qc_only_not_robust_with_5yr_reference
2018,12,0.0,OPL,D3,qc_only_not_robust_with_5yr_reference
2019,1,0.0,OPL,D3,qc_only_not_robust_with_5yr_reference
2019,2,0.0,OPL,D3,qc_only_not_robust_with_5yr_reference
2019,3,0.0,OPL,D3,qc_only_not_robust_with_5yr_reference
2019,4,0.0,OPL,D3,qc_only_not_robust_with_5yr_reference
2019,5,0.0,OPL,D3,qc_only_not_robust_with_5yr_reference
2019,6,0.0,OPL,D3,qc_only_not_robust_with_5yr_reference
2019,7,0.0,OPL,D3,qc_only_not_robust_with_5yr_reference
2019,8,0.0,OPL,D3,qc_only_not_robust_with_5yr_reference
2019,9,0.0,OPL,D3,qc_only_not_robust_with_5yr_reference
2019,10,0.0,OPL,D3,qc_only_not_robust_with_5yr_reference
2019,11,0.0,OPL,D3,qc_only_not_robust_with_5yr_reference
2019,12,0.0,OPL,D3,qc_only_not_robust_with_5yr_reference
2020,1,0.0,OPL,D3,qc_only_not_robust_with_5yr_reference
2020,2,0.0,OPL,D3,qc_only_not_robust_with_5yr_reference
2020,3,0.0,OPL,D3,qc_only_not_robust_with_5yr_reference
2020,4,0.0,OPL,D3,qc_only_not_robust_with_5yr_reference
2020,5,0.0,OPL,D3,qc_only_not_robust_with_5yr_reference
2020,6,0.0,OPL,D3,qc_only_not_robust_with_5yr_reference
2020,7,0.0,OPL,D3,qc_only_not_robust_with_5yr_reference
2020,8,0.0,OPL,D3,qc_only_not_robust_with_5yr_reference
2020,9,0.0,OPL,D3,qc_only_not_robust_with_5yr_reference
2020,10,0.0,OPL,D3,qc_only_not_robust_with_5yr_reference
2020,11,0.0,OPL,D3,qc_only_not_robust_with_5yr_reference
2020,12,0.0,OPL,D3,qc_only_not_robust_with_5yr_reference
2016,1,0.0,OPL,D4,qc_only_not_robust_with_5yr_reference
2016,2,0.0,OPL,D4,qc_only_not_robust_with_5yr_reference
2016,3,0.0,OPL,D4,qc_only_not_robust_with_5yr_reference
2016,4,0.0,OPL,D4,qc_only_not_robust_with_5yr_reference
2016,5,0.0,OPL,D4,qc_only_not_robust_with_5yr_reference
2016,6,0.0,OPL,D4,qc_only_not_robust_with_5yr_reference
2016,7,0.0,OPL,D4,qc_only_not_robust_with_5yr_reference
2016,8,0.0,OPL,D4,qc_only_not_robust_with_5yr_reference
2016,9,0.0,OPL,D4,qc_only_not_robust_with_5yr_reference
2016,10,0.0,OPL,D4,qc_only_not_robust_with_5yr_reference
2016,11,0.0,OPL,D4,qc_only_not_robust_with_5yr_reference
2016,12,0.0,OPL,D4,qc_only_not_robust_with_5yr_reference
2017,1,0.0,OPL,D4,qc_only_not_robust_with_5yr_reference
2017,2,0.0,OPL,D4,qc_only_not_robust_with_5yr_reference
2017,3,0.0,OPL,D4,qc_only_not_robust_with_5yr_reference
2017,4,0.0,OPL,D4,qc_only_not_robust_with_5yr_reference
2017,5,0.0,OPL,D4,qc_only_not_robust_with_5yr_reference
2017,6,0.0,OPL,D4,qc_only_not_robust_with_5yr_reference
2017,7,0.0,OPL,D4,qc_only_not_robust_with_5yr_reference
2017,8,0.0,OPL,D4,qc_only_not_robust_with_5yr_reference
2017,9,0.0,OPL,D4,qc_only_not_robust_with_5yr_reference
2017,10,0.0,OPL,D4,qc_only_not_robust_with_5yr_reference
2017,11,0.0,OPL,D4,qc_only_not_robust_with_5yr_reference
2017,12,0.0,OPL,D4,qc_only_not_robust_with_5yr_reference
2018,1,0.0,OPL,D4,qc_only_not_robust_with_5yr_reference
2018,2,0.0,OPL,D4,qc_only_not_robust_with_5yr_reference
2018,3,0.0,OPL,D4,qc_only_not_robust_with_5yr_reference
2018,4,0.0,OPL,D4,qc_only_not_robust_with_5yr_reference
2018,5,0.0,OPL,D4,qc_only_not_robust_with_5yr_reference
2018,6,0.0,OPL,D4,qc_only_not_robust_with_5yr_reference
2018,7,0.0,OPL,D4,qc_only_not_robust_with_5yr_reference
2018,8,0.0,OPL,D4,qc_only_not_robust_with_5yr_reference
2018,9,0.0,OPL,D4,qc_only_not_robust_with_5yr_reference
2018,10,0.0,OPL,D4,qc_only_not_robust_with_5yr_reference
2018,11,0.0,OPL,D4,qc_only_not_robust_with_5yr_reference
2018,12,0.0,OPL,D4,qc_only_not_robust_with_5yr_reference
2019,1,0.0,OPL,D4,qc_only_not_robust_with_5yr_reference
2019,2,0.0,OPL,D4,qc_only_not_robust_with_5yr_reference
2019,3,0.0,OPL,D4,qc_only_not_robust_with_5yr_reference
2019,4,0.0,OPL,D4,qc_only_not_robust_with_5yr_reference
2019,5,0.0,OPL,D4,qc_only_not_robust_with_5yr_reference
2019,6,0.0,OPL,D4,qc_only_not_robust_with_5yr_reference
2019,7,0.0,OPL,D4,qc_only_not_robust_with_5yr_reference
2019,8,0.0,OPL,D4,qc_only_not_robust_with_5yr_reference
2019,9,0.0,OPL,D4,qc_only_not_robust_with_5yr_reference
2019,10,0.0,OPL,D4,qc_only_not_robust_with_5yr_reference
2019,11,0.0,OPL,D4,qc_only_not_robust_with_5yr_reference
2019,12,0.0,OPL,D4,qc_only_not_robust_with_5yr_reference
2020,1,0.0,OPL,D4,qc_only_not_robust_with_5yr_reference
2020,2,0.0,OPL,D4,qc_only_not_robust_with_5yr_reference
2020,3,0.0,OPL,D4,qc_only_not_robust_with_5yr_reference
2020,4,0.0,OPL,D4,qc_only_not_robust_with_5yr_reference
2020,5,0.0,OPL,D4,qc_only_not_robust_with_5yr_reference
2020,6,0.0,OPL,D4,qc_only_not_robust_with_5yr_reference
2020,7,0.0,OPL,D4,qc_only_not_robust_with_5yr_reference
2020,8,0.0,OPL,D4,qc_only_not_robust_with_5yr_reference
2020,9,0.0,OPL,D4,qc_only_not_robust_with_5yr_reference
2020,10,0.0,OPL,D4,qc_only_not_robust_with_5yr_reference
2020,11,0.0,OPL,D4,qc_only_not_robust_with_5yr_reference
2020,12,0.0,OPL,D4,qc_only_not_robust_with_5yr_reference
2016,1,77.55864,DA_NoCDF,D0,main
2016,2,66.09222,DA_NoCDF,D0,main
2016,3,49.500935,DA_NoCDF,D0,main
2016,4,60.511543,DA_NoCDF,D0,main
2016,5,50.155956,DA_NoCDF,D0,main
2016,6,43.686836,DA_NoCDF,D0,main
2016,7,33.992516,DA_NoCDF,D0,main
2016,8,31.297567,DA_NoCDF,D0,main
2016,9,37.31129,DA_NoCDF,D0,main
2016,10,36.007484,DA_NoCDF,D0,main
2016,11,38.2408,DA_NoCDF,D0,main
2016,12,29.132875,DA_NoCDF,D0,main
2017,1,38.365562,DA_NoCDF,D0,main
2017,2,39.26388,DA_NoCDF,D0,main
2017,3,48.484093,DA_NoCDF,D0,main
2017,4,71.09794,DA_NoCDF,D0,main
2017,5,70.9607,DA_NoCDF,D0,main
2017,6,61.11042,DA_NoCDF,D0,main
2017,7,56.30069,DA_NoCDF,D0,main
2017,8,49.975048,DA_NoCDF,D0,main
2017,9,57.604492,DA_NoCDF,D0,main
2017,10,52.514034,DA_NoCDF,D0,main
2017,11,70.18715,DA_NoCDF,D0,main
2017,12,60.779785,DA_NoCDF,D0,main
2018,1,48.477856,DA_NoCDF,D0,main
2018,2,44.391766,DA_NoCDF,D0,main
2018,3,48.08484,DA_NoCDF,D0,main
2018,4,61.528385,DA_NoCDF,D0,main
2018,5,55.396133,DA_NoCDF,D0,main
2018,6,57.01809,DA_NoCDF,D0,main
2018,7,56.09482,DA_NoCDF,D0,main
2018,8,50.22458,DA_NoCDF,D0,main
2018,9,51.915157,DA_NoCDF,D0,main
2018,10,49.96257,DA_NoCDF,D0,main
2018,11,45.321274,DA_NoCDF,D0,main
2018,12,55.202747,DA_NoCDF,D0,main
2019,1,58.995636,DA_NoCDF,D0,main
2019,2,63.568314,DA_NoCDF,D0,main
2019,3,75.72676,DA_NoCDF,D0,main
2019,4,74.12352,DA_NoCDF,D0,main
2019,5,83.59326,DA_NoCDF,D0,main
2019,6,78.93325,DA_NoCDF,D0,main
2019,7,71.8403,DA_NoCDF,D0,main
2019,8,66.65003,DA_NoCDF,D0,main
2019,9,63.0131,DA_NoCDF,D0,main
2019,10,64.68497,DA_NoCDF,D0,main
2019,11,63.456024,DA_NoCDF,D0,main
2019,12,68.066124,DA_NoCDF,D0,main
2020,1,69.95009,DA_NoCDF,D0,main
2020,2,71.51172,DA_NoCDF,D0,main
2020,3,80.57392,DA_NoCDF,D0,main
2020,4,75.402374,DA_NoCDF,D0,main
2020,5,72.2645,DA_NoCDF,D0,main
2020,6,65.3088,DA_NoCDF,D0,main
2020,7,59.775425,DA_NoCDF,D0,main
2020,8,56.76232,DA_NoCDF,D0,main
2020,9,58.427948,DA_NoCDF,D0,main
2020,10,60.349346,DA_NoCDF,D0,main
2020,11,63.49345,DA_NoCDF,D0,main
2020,12,68.32813,DA_NoCDF,D0,main
2016,1,71.53518,DA_NoCDF,D1,main
2016,2,60.090702,DA_NoCDF,D1,main
2016,3,42.782284,DA_NoCDF,D1,main
2016,4,55.140366,DA_NoCDF,D1,main
2016,5,45.83905,DA_NoCDF,D1,main
2016,6,39.92514,DA_NoCDF,D1,main
2016,7,30.087337,DA_NoCDF,D1,main
2016,8,27.248907,DA_NoCDF,D1,main
2016,9,32.033688,DA_NoCDF,D1,main
2016,10,31.634436,DA_NoCDF,D1,main
2016,11,32.825954,DA_NoCDF,D1,main
2016,12,24.934498,DA_NoCDF,D1,main
2017,1,33.992516,DA_NoCDF,D1,main
2017,2,33.905178,DA_NoCDF,D1,main
2017,3,43.45602,DA_NoCDF,D1,main
2017,4,63.961323,DA_NoCDF,D1,main
2017,5,64.34186,DA_NoCDF,D1,main
2017,6,54.716156,DA_NoCDF,D1,main
2017,7,50.929504,DA_NoCDF,D1,main
2017,8,44.435432,DA_NoCDF,D1,main
2017,9,51.47224,DA_NoCDF,D1,main
2017,10,47.629444,DA_NoCDF,D1,main
2017,11,62.270744,DA_NoCDF,D1,main
2017,12,50.61135,DA_NoCDF,D1,main
2018,1,41.7592,DA_NoCDF,D1,main
2018,2,38.583904,DA_NoCDF,D1,main
2018,3,44.366814,DA_NoCDF,D1,main
2018,4,56.18216,DA_NoCDF,D1,main
2018,5,50.985653,DA_NoCDF,D1,main
2018,6,52.83219,DA_NoCDF,D1,main
2018,7,52.38927,DA_NoCDF,D1,main
2018,8,46.444164,DA_NoCDF,D1,main
2018,9,48.37804,DA_NoCDF,D1,main
2018,10,47.542107,DA_NoCDF,D1,main
2018,11,43.044292,DA_NoCDF,D1,main
2018,12,52.451653,DA_NoCDF,D1,main
2019,1,55.570805,DA_NoCDF,D1,main
2019,2,58.90206,DA_NoCDF,D1,main
2019,3,67.90393,DA_NoCDF,D1,main
2019,4,68.21585,DA_NoCDF,D1,main
2019,5,79.638176,DA_NoCDF,D1,main
2019,6,74.185905,DA_NoCDF,D1,main
2019,7,66.59389,DA_NoCDF,D1,main
2019,8,62.183403,DA_NoCDF,D1,main
2019,9,58.89582,DA_NoCDF,D1,main
2019,10,60.661263,DA_NoCDF,D1,main
2019,11,56.4005,DA_NoCDF,D1,main
2019,12,63.23768,DA_NoCDF,D1,main
2020,1,63.505924,DA_NoCDF,D1,main
2020,2,62.312923,DA_NoCDF,D1,main
2020,3,74.946976,DA_NoCDF,D1,main
2020,4,70.630066,DA_NoCDF,D1,main
2020,5,68.67748,DA_NoCDF,D1,main
2020,6,62.23331,DA_NoCDF,D1,main
2020,7,57.074238,DA_NoCDF,D1,main
2020,8,54.37929,DA_NoCDF,D1,main
2020,9,55.58328,DA_NoCDF,D1,main
2020,10,56.743603,DA_NoCDF,D1,main
2020,11,55.626945,DA_NoCDF,D1,main
2020,12,61.522144,DA_NoCDF,D1,main
2016,1,60.554375,DA_NoCDF,D2,cautious_supplementary
2016,2,50.128494,DA_NoCDF,D2,cautious_supplementary
2016,3,36.94947,DA_NoCDF,D2,cautious_supplementary
2016,4,48.73986,DA_NoCDF,D2,cautious_supplementary
2016,5,42.227074,DA_NoCDF,D2,cautious_supplementary
2016,6,36.444168,DA_NoCDF,D2,cautious_supplementary
2016,7,26.855894,DA_NoCDF,D2,cautious_supplementary
2016,8,23.67436,DA_NoCDF,D2,cautious_supplementary
2016,9,26.65627,DA_NoCDF,D2,cautious_supplementary
2016,10,27.779165,DA_NoCDF,D2,cautious_supplementary
2016,11,28.378042,DA_NoCDF,D2,cautious_supplementary
2016,12,21.147846,DA_NoCDF,D2,cautious_supplementary
2017,1,30.417967,DA_NoCDF,D2,cautious_supplementary
2017,2,29.918903,DA_NoCDF,D2,cautious_supplementary
2017,3,39.145355,DA_NoCDF,D2,cautious_supplementary
2017,4,57.24891,DA_NoCDF,D2,cautious_supplementary
2017,5,58.328133,DA_NoCDF,D2,cautious_supplementary
2017,6,48.122272,DA_NoCDF,D2,cautious_supplementary
2017,7,42.82595,DA_NoCDF,D2,cautious_supplementary
2017,8,37.816593,DA_NoCDF,D2,cautious_supplementary
2017,9,44.647537,DA_NoCDF,D2,cautious_supplementary
2017,10,41.2539,DA_NoCDF,D2,cautious_supplementary
2017,11,49.943855,DA_NoCDF,D2,cautious_supplementary
2017,12,42.75109,DA_NoCDF,D2,cautious_supplementary
2018,1,36.955708,DA_NoCDF,D2,cautious_supplementary
2018,2,34.728634,DA_NoCDF,D2,cautious_supplementary
2018,3,40.679977,DA_NoCDF,D2,cautious_supplementary
2018,4,51.453526,DA_NoCDF,D2,cautious_supplementary
2018,5,47.011852,DA_NoCDF,D2,cautious_supplementary
2018,6,48.78977,DA_NoCDF,D2,cautious_supplementary
2018,7,48.577667,DA_NoCDF,D2,cautious_supplementary
2018,8,42.607613,DA_NoCDF,D2,cautious_supplementary
2018,9,44.366814,DA_NoCDF,D2,cautious_supplementary
2018,10,45.277603,DA_NoCDF,D2,cautious_supplementary
2018,11,40.736122,DA_NoCDF,D2,cautious_supplementary
2018,12,49.93762,DA_NoCDF,D2,cautious_supplementary
2019,1,53.187775,DA_NoCDF,D2,cautious_supplementary
2019,2,55.75795,DA_NoCDF,D2,cautious_supplementary
2019,3,61.752964,DA_NoCDF,D2,cautious_supplementary
2019,4,61.765438,DA_NoCDF,D2,cautious_supplementary
2019,5,73.76794,DA_NoCDF,D2,cautious_supplementary
2019,6,67.59825,DA_NoCDF,D2,cautious_supplementary
2019,7,61.37243,DA_NoCDF,D2,cautious_supplementary
2019,8,56.986897,DA_NoCDF,D2,cautious_supplementary
2019,9,54.02994,DA_NoCDF,D2,cautious_supplementary
2019,10,56.519024,DA_NoCDF,D2,cautious_supplementary
2019,11,51.397377,DA_NoCDF,D2,cautious_supplementary
2019,12,57.17405,DA_NoCDF,D2,cautious_supplementary
2020,1,57.87898,DA_NoCDF,D2,cautious_supplementary
2020,2,56.439907,DA_NoCDF,D2,cautious_supplementary
2020,3,66.937,DA_NoCDF,D2,cautious_supplementary
2020,4,64.23581,DA_NoCDF,D2,cautious_supplementary
2020,5,64.87835,DA_NoCDF,D2,cautious_supplementary
2020,6,59.282597,DA_NoCDF,D2,cautious_supplementary
2020,7,54.054897,DA_NoCDF,D2,cautious_supplementary
2020,8,51.890205,DA_NoCDF,D2,cautious_supplementary
2020,9,52.60761,DA_NoCDF,D2,cautious_supplementary
2020,10,52.757328,DA_NoCDF,D2,cautious_supplementary
2020,11,49.868996,DA_NoCDF,D2,cautious_supplementary
2020,12,55.458515,DA_NoCDF,D2,cautious_supplementary
2016,1,60.554375,DA_NoCDF,D3,qc_only_not_robust_with_5yr_reference
2016,2,50.128494,DA_NoCDF,D3,qc_only_not_robust_with_5yr_reference
2016,3,36.94947,DA_NoCDF,D3,qc_only_not_robust_with_5yr_reference
2016,4,48.73986,DA_NoCDF,D3,qc_only_not_robust_with_5yr_reference
2016,5,42.227074,DA_NoCDF,D3,qc_only_not_robust_with_5yr_reference
2016,6,36.444168,DA_NoCDF,D3,qc_only_not_robust_with_5yr_reference
2016,7,26.855894,DA_NoCDF,D3,qc_only_not_robust_with_5yr_reference
2016,8,23.67436,DA_NoCDF,D3,qc_only_not_robust_with_5yr_reference
2016,9,26.65627,DA_NoCDF,D3,qc_only_not_robust_with_5yr_reference
2016,10,27.779165,DA_NoCDF,D3,qc_only_not_robust_with_5yr_reference
2016,11,28.378042,DA_NoCDF,D3,qc_only_not_robust_with_5yr_reference
2016,12,21.147846,DA_NoCDF,D3,qc_only_not_robust_with_5yr_reference
2017,1,30.417967,DA_NoCDF,D3,qc_only_not_robust_with_5yr_reference
2017,2,29.918903,DA_NoCDF,D3,qc_only_not_robust_with_5yr_reference
2017,3,39.145355,DA_NoCDF,D3,qc_only_not_robust_with_5yr_reference
2017,4,57.24891,DA_NoCDF,D3,qc_only_not_robust_with_5yr_reference
2017,5,58.328133,DA_NoCDF,D3,qc_only_not_robust_with_5yr_reference
2017,6,48.122272,DA_NoCDF,D3,qc_only_not_robust_with_5yr_reference
2017,7,42.82595,DA_NoCDF,D3,qc_only_not_robust_with_5yr_reference
2017,8,37.816593,DA_NoCDF,D3,qc_only_not_robust_with_5yr_reference
2017,9,44.647537,DA_NoCDF,D3,qc_only_not_robust_with_5yr_reference
2017,10,41.2539,DA_NoCDF,D3,qc_only_not_robust_with_5yr_reference
2017,11,49.943855,DA_NoCDF,D3,qc_only_not_robust_with_5yr_reference
2017,12,42.75109,DA_NoCDF,D3,qc_only_not_robust_with_5yr_reference
2018,1,36.955708,DA_NoCDF,D3,qc_only_not_robust_with_5yr_reference
2018,2,34.728634,DA_NoCDF,D3,qc_only_not_robust_with_5yr_reference
2018,3,40.679977,DA_NoCDF,D3,qc_only_not_robust_with_5yr_reference
2018,4,51.447285,DA_NoCDF,D3,qc_only_not_robust_with_5yr_reference
2018,5,47.011852,DA_NoCDF,D3,qc_only_not_robust_with_5yr_reference
2018,6,48.78977,DA_NoCDF,D3,qc_only_not_robust_with_5yr_reference
2018,7,48.577667,DA_NoCDF,D3,qc_only_not_robust_with_5yr_reference
2018,8,42.607613,DA_NoCDF,D3,qc_only_not_robust_with_5yr_reference
2018,9,44.366814,DA_NoCDF,D3,qc_only_not_robust_with_5yr_reference
2018,10,45.277603,DA_NoCDF,D3,qc_only_not_robust_with_5yr_reference
2018,11,40.736122,DA_NoCDF,D3,qc_only_not_robust_with_5yr_reference
2018,12,49.93762,DA_NoCDF,D3,qc_only_not_robust_with_5yr_reference
2019,1,53.187775,DA_NoCDF,D3,qc_only_not_robust_with_5yr_reference
2019,2,55.75795,DA_NoCDF,D3,qc_only_not_robust_with_5yr_reference
2019,3,61.752964,DA_NoCDF,D3,qc_only_not_robust_with_5yr_reference
2019,4,61.765438,DA_NoCDF,D3,qc_only_not_robust_with_5yr_reference
2019,5,73.76794,DA_NoCDF,D3,qc_only_not_robust_with_5yr_reference
2019,6,67.59825,DA_NoCDF,D3,qc_only_not_robust_with_5yr_reference
2019,7,61.37243,DA_NoCDF,D3,qc_only_not_robust_with_5yr_reference
2019,8,56.986897,DA_NoCDF,D3,qc_only_not_robust_with_5yr_reference
2019,9,54.02994,DA_NoCDF,D3,qc_only_not_robust_with_5yr_reference
2019,10,56.519024,DA_NoCDF,D3,qc_only_not_robust_with_5yr_reference
2019,11,51.397377,DA_NoCDF,D3,qc_only_not_robust_with_5yr_reference
2019,12,57.17405,DA_NoCDF,D3,qc_only_not_robust_with_5yr_reference
2020,1,57.87898,DA_NoCDF,D3,qc_only_not_robust_with_5yr_reference
2020,2,56.439907,DA_NoCDF,D3,qc_only_not_robust_with_5yr_reference
2020,3,66.937,DA_NoCDF,D3,qc_only_not_robust_with_5yr_reference
2020,4,64.23581,DA_NoCDF,D3,qc_only_not_robust_with_5yr_reference
2020,5,64.87835,DA_NoCDF,D3,qc_only_not_robust_with_5yr_reference
2020,6,59.282597,DA_NoCDF,D3,qc_only_not_robust_with_5yr_reference
2020,7,54.054897,DA_NoCDF,D3,qc_only_not_robust_with_5yr_reference
2020,8,51.890205,DA_NoCDF,D3,qc_only_not_robust_with_5yr_reference
2020,9,52.60761,DA_NoCDF,D3,qc_only_not_robust_with_5yr_reference
2020,10,52.757328,DA_NoCDF,D3,qc_only_not_robust_with_5yr_reference
2020,11,49.868996,DA_NoCDF,D3,qc_only_not_robust_with_5yr_reference
2020,12,55.458515,DA_NoCDF,D3,qc_only_not_robust_with_5yr_reference
2016,1,60.554375,DA_NoCDF,D4,qc_only_not_robust_with_5yr_reference
2016,2,50.128494,DA_NoCDF,D4,qc_only_not_robust_with_5yr_reference
2016,3,36.94947,DA_NoCDF,D4,qc_only_not_robust_with_5yr_reference
2016,4,48.73986,DA_NoCDF,D4,qc_only_not_robust_with_5yr_reference
2016,5,42.227074,DA_NoCDF,D4,qc_only_not_robust_with_5yr_reference
2016,6,36.444168,DA_NoCDF,D4,qc_only_not_robust_with_5yr_reference
2016,7,26.855894,DA_NoCDF,D4,qc_only_not_robust_with_5yr_reference
2016,8,23.67436,DA_NoCDF,D4,qc_only_not_robust_with_5yr_reference
2016,9,26.65627,DA_NoCDF,D4,qc_only_not_robust_with_5yr_reference
2016,10,27.779165,DA_NoCDF,D4,qc_only_not_robust_with_5yr_reference
2016,11,28.378042,DA_NoCDF,D4,qc_only_not_robust_with_5yr_reference
2016,12,21.147846,DA_NoCDF,D4,qc_only_not_robust_with_5yr_reference
2017,1,30.417967,DA_NoCDF,D4,qc_only_not_robust_with_5yr_reference
2017,2,29.918903,DA_NoCDF,D4,qc_only_not_robust_with_5yr_reference
2017,3,39.145355,DA_NoCDF,D4,qc_only_not_robust_with_5yr_reference
2017,4,57.24891,DA_NoCDF,D4,qc_only_not_robust_with_5yr_reference
2017,5,58.328133,DA_NoCDF,D4,qc_only_not_robust_with_5yr_reference
2017,6,48.122272,DA_NoCDF,D4,qc_only_not_robust_with_5yr_reference
2017,7,42.82595,DA_NoCDF,D4,qc_only_not_robust_with_5yr_reference
2017,8,37.816593,DA_NoCDF,D4,qc_only_not_robust_with_5yr_reference
2017,9,44.647537,DA_NoCDF,D4,qc_only_not_robust_with_5yr_reference
2017,10,41.2539,DA_NoCDF,D4,qc_only_not_robust_with_5yr_reference
2017,11,49.943855,DA_NoCDF,D4,qc_only_not_robust_with_5yr_reference
2017,12,42.75109,DA_NoCDF,D4,qc_only_not_robust_with_5yr_reference
2018,1,36.955708,DA_NoCDF,D4,qc_only_not_robust_with_5yr_reference
2018,2,34.728634,DA_NoCDF,D4,qc_only_not_robust_with_5yr_reference
2018,3,40.679977,DA_NoCDF,D4,qc_only_not_robust_with_5yr_reference
2018,4,51.447285,DA_NoCDF,D4,qc_only_not_robust_with_5yr_reference
2018,5,47.011852,DA_NoCDF,D4,qc_only_not_robust_with_5yr_reference
2018,6,48.78977,DA_NoCDF,D4,qc_only_not_robust_with_5yr_reference
2018,7,48.577667,DA_NoCDF,D4,qc_only_not_robust_with_5yr_reference
2018,8,42.607613,DA_NoCDF,D4,qc_only_not_robust_with_5yr_reference
2018,9,44.366814,DA_NoCDF,D4,qc_only_not_robust_with_5yr_reference
2018,10,45.277603,DA_NoCDF,D4,qc_only_not_robust_with_5yr_reference
2018,11,40.736122,DA_NoCDF,D4,qc_only_not_robust_with_5yr_reference
2018,12,49.93762,DA_NoCDF,D4,qc_only_not_robust_with_5yr_reference
2019,1,53.187775,DA_NoCDF,D4,qc_only_not_robust_with_5yr_reference
2019,2,55.75795,DA_NoCDF,D4,qc_only_not_robust_with_5yr_reference
2019,3,61.752964,DA_NoCDF,D4,qc_only_not_robust_with_5yr_reference
2019,4,61.765438,DA_NoCDF,D4,qc_only_not_robust_with_5yr_reference
2019,5,73.76794,DA_NoCDF,D4,qc_only_not_robust_with_5yr_reference
2019,6,67.59825,DA_NoCDF,D4,qc_only_not_robust_with_5yr_reference
2019,7,61.37243,DA_NoCDF,D4,qc_only_not_robust_with_5yr_reference
2019,8,56.986897,DA_NoCDF,D4,qc_only_not_robust_with_5yr_reference
2019,9,54.02994,DA_NoCDF,D4,qc_only_not_robust_with_5yr_reference
2019,10,56.519024,DA_NoCDF,D4,qc_only_not_robust_with_5yr_reference
2019,11,51.397377,DA_NoCDF,D4,qc_only_not_robust_with_5yr_reference
2019,12,57.17405,DA_NoCDF,D4,qc_only_not_robust_with_5yr_reference
2020,1,57.87898,DA_NoCDF,D4,qc_only_not_robust_with_5yr_reference
2020,2,56.439907,DA_NoCDF,D4,qc_only_not_robust_with_5yr_reference
2020,3,66.937,DA_NoCDF,D4,qc_only_not_robust_with_5yr_reference
2020,4,64.23581,DA_NoCDF,D4,qc_only_not_robust_with_5yr_reference
2020,5,64.87835,DA_NoCDF,D4,qc_only_not_robust_with_5yr_reference
2020,6,59.282597,DA_NoCDF,D4,qc_only_not_robust_with_5yr_reference
2020,7,54.054897,DA_NoCDF,D4,qc_only_not_robust_with_5yr_reference
2020,8,51.890205,DA_NoCDF,D4,qc_only_not_robust_with_5yr_reference
2020,9,52.60761,DA_NoCDF,D4,qc_only_not_robust_with_5yr_reference
2020,10,52.757328,DA_NoCDF,D4,qc_only_not_robust_with_5yr_reference
2020,11,49.868996,DA_NoCDF,D4,qc_only_not_robust_with_5yr_reference
2020,12,55.458515,DA_NoCDF,D4,qc_only_not_robust_with_5yr_reference
2016,1,80.25587,DA_CDF,D0,main
2016,2,66.92366,DA_CDF,D0,main
2016,3,46.419216,DA_CDF,D0,main
2016,4,51.328762,DA_CDF,D0,main
2016,5,36.375546,DA_CDF,D0,main
2016,6,32.61385,DA_CDF,D0,main
2016,7,26.61884,DA_CDF,D0,main
2016,8,24.8534,DA_CDF,D0,main
2016,9,29.744228,DA_CDF,D0,main
2016,10,28.702433,DA_CDF,D0,main
2016,11,24.023706,DA_CDF,D0,main
2016,12,12.738615,DA_CDF,D0,main
2017,1,13.499687,DA_CDF,D0,main
2017,2,11.0729885,DA_CDF,D0,main
2017,3,13.206488,DA_CDF,D0,main
2017,4,38.022457,DA_CDF,D0,main
2017,5,45.346226,DA_CDF,D0,main
2017,6,38.0786,DA_CDF,D0,main
2017,7,38.958202,DA_CDF,D0,main
2017,8,30.474112,DA_CDF,D0,main
2017,9,45.00312,DA_CDF,D0,main
2017,10,41.06675,DA_CDF,D0,main
2017,11,65.708046,DA_CDF,D0,main
2017,12,49.058018,DA_CDF,D0,main
2018,1,34.46039,DA_CDF,D0,main
2018,2,32.36432,DA_CDF,D0,main
2018,3,32.83843,DA_CDF,D0,main
2018,4,48.78353,DA_CDF,D0,main
2018,5,38.79601,DA_CDF,D0,main
2018,6,41.428574,DA_CDF,D0,main
2018,7,43.45602,DA_CDF,D0,main
2018,8,38.78977,DA_CDF,D0,main
2018,9,44.3481,DA_CDF,D0,main
2018,10,41.640675,DA_CDF,D0,main
2018,11,37.149094,DA_CDF,D0,main
2018,12,47.043045,DA_CDF,D0,main
2019,1,56.650032,DA_CDF,D0,main
2019,2,64.99064,DA_CDF,D0,main
2019,3,74.335625,DA_CDF,D0,main
2019,4,70.056145,DA_CDF,D0,main
2019,5,80.293205,DA_CDF,D0,main
2019,6,75.95135,DA_CDF,D0,main
2019,7,67.77917,DA_CDF,D0,main
2019,8,63.574547,DA_CDF,D0,main
2019,9,61.996258,DA_CDF,D0,main
2019,10,65.71429,DA_CDF,D0,main
2019,11,63.3874,DA_CDF,D0,main
2019,12,69.81285,DA_CDF,D0,main
2020,1,74.32314,DA_CDF,D0,main
2020,2,76.74982,DA_CDF,D0,main
2020,3,83.13786,DA_CDF,D0,main
2020,4,69.03931,DA_CDF,D0,main
2020,5,65.99501,DA_CDF,D0,main
2020,6,59.282597,DA_CDF,D0,main
2020,7,56.21335,DA_CDF,D0,main
2020,8,54.971928,DA_CDF,D0,main
2020,9,57.729256,DA_CDF,D0,main
2020,10,60.81722,DA_CDF,D0,main
2020,11,61.116653,DA_CDF,D0,main
2020,12,70.00624,DA_CDF,D0,main
2016,1,73.46481,DA_CDF,D1,main
2016,2,60.38549,DA_CDF,D1,main
2016,3,37.885216,DA_CDF,D1,main
2016,4,42.127262,DA_CDF,D1,main
2016,5,31.14161,DA_CDF,D1,main
2016,6,28.009981,DA_CDF,D1,main
2016,7,21.87149,DA_CDF,D1,main
2016,8,19.719276,DA_CDF,D1,main
2016,9,22.86962,DA_CDF,D1,main
2016,10,22.476606,DA_CDF,D1,main
2016,11,18.714909,DA_CDF,D1,main
2016,12,10.40549,DA_CDF,D1,main
2017,1,11.509669,DA_CDF,D1,main
2017,2,9.251404,DA_CDF,D1,main
2017,3,10.424205,DA_CDF,D1,main
2017,4,27.373674,DA_CDF,D1,main
2017,5,35.51466,DA_CDF,D1,main
2017,6,29.363691,DA_CDF,D1,main
2017,7,31.023083,DA_CDF,D1,main
2017,8,22.139738,DA_CDF,D1,main
2017,9,35.66438,DA_CDF,D1,main
2017,10,32.950718,DA_CDF,D1,main
2017,11,55.820335,DA_CDF,D1,main
2017,12,36.3194,DA_CDF,D1,main
2018,1,26.388021,DA_CDF,D1,main
2018,2,27.049282,DA_CDF,D1,main
2018,3,28.90206,DA_CDF,D1,main
2018,4,42.008736,DA_CDF,D1,main
2018,5,34.092327,DA_CDF,D1,main
2018,6,36.4005,DA_CDF,D1,main
2018,7,38.421707,DA_CDF,D1,main
2018,8,33.75546,DA_CDF,D1,main
2018,9,39.301308,DA_CDF,D1,main
2018,10,38.68372,DA_CDF,D1,main
2018,11,33.3063,DA_CDF,D1,main
2018,12,42.71366,DA_CDF,D1,main
2019,1,51.621964,DA_CDF,D1,main
2019,2,59.01435,DA_CDF,D1,main
2019,3,66.007484,DA_CDF,D1,main
2019,4,61.384903,DA_CDF,D1,main
2019,5,73.67436,DA_CDF,D1,main
2019,6,68.4529,DA_CDF,D1,main
2019,7,60.18715,DA_CDF,D1,main
2019,8,56.718655,DA_CDF,D1,main
2019,9,55.77043,DA_CDF,D1,main
2019,10,59.50717,DA_CDF,D1,main
2019,11,52.82595,DA_CDF,D1,main
2019,12,63.01934,DA_CDF,D1,main
2020,1,64.04866,DA_CDF,D1,main
2020,2,64.59562,DA_CDF,D1,main
2020,3,77.40487,DA_CDF,D1,main
2020,4,62.925762,DA_CDF,D1,main
2020,5,61.04804,DA_CDF,D1,main
2020,6,55.339985,DA_CDF,D1,main
2020,7,52.401745,DA_CDF,D1,main
2020,8,51.64067,DA_CDF,D1,main
2020,9,54.17966,DA_CDF,D1,main
2020,10,56.313164,DA_CDF,D1,main
2020,11,51.15409,DA_CDF,D1,main
2020,12,61.303806,DA_CDF,D1,main
2016,1,62.61194,DA_CDF,D2,cautious_supplementary
2016,2,49.690098,DA_CDF,D2,cautious_supplementary
2016,3,30.280724,DA_CDF,D2,cautious_supplementary
2016,4,33.537117,DA_CDF,D2,cautious_supplementary
2016,5,26.556456,DA_CDF,D2,cautious_supplementary
2016,6,23.287586,DA_CDF,D2,cautious_supplementary
2016,7,17.779163,DA_CDF,D2,cautious_supplementary
2016,8,15.502183,DA_CDF,D2,cautious_supplementary
2016,9,17.055521,DA_CDF,D2,cautious_supplementary
2016,10,17.60449,DA_CDF,D2,cautious_supplementary
2016,11,14.709918,DA_CDF,D2,cautious_supplementary
2016,12,8.689957,DA_CDF,D2,cautious_supplementary
2017,1,10.0,DA_CDF,D2,cautious_supplementary
2017,2,8.116033,DA_CDF,D2,cautious_supplementary
2017,3,8.752339,DA_CDF,D2,cautious_supplementary
2017,4,20.8796,DA_CDF,D2,cautious_supplementary
2017,5,25.483469,DA_CDF,D2,cautious_supplementary
2017,6,19.207735,DA_CDF,D2,cautious_supplementary
2017,7,18.321898,DA_CDF,D2,cautious_supplementary
2017,8,14.160948,DA_CDF,D2,cautious_supplementary
2017,9,25.252651,DA_CDF,D2,cautious_supplementary
2017,10,23.817842,DA_CDF,D2,cautious_supplementary
2017,11,36.749844,DA_CDF,D2,cautious_supplementary
2017,12,27.673113,DA_CDF,D2,cautious_supplementary
2018,1,21.110418,DA_CDF,D2,cautious_supplementary
2018,2,23.49345,DA_CDF,D2,cautious_supplementary
2018,3,25.595757,DA_CDF,D2,cautious_supplementary
2018,4,35.73924,DA_CDF,D2,cautious_supplementary
2018,5,30.29944,DA_CDF,D2,cautious_supplementary
2018,6,31.752962,DA_CDF,D2,cautious_supplementary
2018,7,33.412354,DA_CDF,D2,cautious_supplementary
2018,8,29.064257,DA_CDF,D2,cautious_supplementary
2018,9,33.93013,DA_CDF,D2,cautious_supplementary
2018,10,35.751717,DA_CDF,D2,cautious_supplementary
2018,11,29.881472,DA_CDF,D2,cautious_supplementary
2018,12,38.989395,DA_CDF,D2,cautious_supplementary
2019,1,47.56082,DA_CDF,D2,cautious_supplementary
2019,2,54.061134,DA_CDF,D2,cautious_supplementary
2019,3,59.376167,DA_CDF,D2,cautious_supplementary
2019,4,54.160946,DA_CDF,D2,cautious_supplementary
2019,5,65.53338,DA_CDF,D2,cautious_supplementary
2019,6,58.976917,DA_CDF,D2,cautious_supplementary
2019,7,52.407986,DA_CDF,D2,cautious_supplementary
2019,8,48.927013,DA_CDF,D2,cautious_supplementary
2019,9,47.89769,DA_CDF,D2,cautious_supplementary
2019,10,52.32065,DA_CDF,D2,cautious_supplementary
2019,11,45.658142,DA_CDF,D2,cautious_supplementary
2019,12,53.34373,DA_CDF,D2,cautious_supplementary
2020,1,56.044918,DA_CDF,D2,cautious_supplementary
2020,2,56.560844,DA_CDF,D2,cautious_supplementary
2020,3,65.938866,DA_CDF,D2,cautious_supplementary
2020,4,54.01123,DA_CDF,D2,cautious_supplementary
2020,5,55.87024,DA_CDF,D2,cautious_supplementary
2020,6,50.973175,DA_CDF,D2,cautious_supplementary
2020,7,48.134747,DA_CDF,D2,cautious_supplementary
2020,8,47.660637,DA_CDF,D2,cautious_supplementary
2020,9,49.38865,DA_CDF,D2,cautious_supplementary
2020,10,50.792267,DA_CDF,D2,cautious_supplementary
2020,11,43.842796,DA_CDF,D2,cautious_supplementary
2020,12,52.31441,DA_CDF,D2,cautious_supplementary
2016,1,62.61194,DA_CDF,D3,qc_only_not_robust_with_5yr_reference
2016,2,49.690098,DA_CDF,D3,qc_only_not_robust_with_5yr_reference
2016,3,30.280724,DA_CDF,D3,qc_only_not_robust_with_5yr_reference
2016,4,33.537117,DA_CDF,D3,qc_only_not_robust_with_5yr_reference
2016,5,26.556456,DA_CDF,D3,qc_only_not_robust_with_5yr_reference
2016,6,23.287586,DA_CDF,D3,qc_only_not_robust_with_5yr_reference
2016,7,17.779163,DA_CDF,D3,qc_only_not_robust_with_5yr_reference
2016,8,15.502183,DA_CDF,D3,qc_only_not_robust_with_5yr_reference
2016,9,17.055521,DA_CDF,D3,qc_only_not_robust_with_5yr_reference
2016,10,17.60449,DA_CDF,D3,qc_only_not_robust_with_5yr_reference
2016,11,14.709918,DA_CDF,D3,qc_only_not_robust_with_5yr_reference
2016,12,8.689957,DA_CDF,D3,qc_only_not_robust_with_5yr_reference
2017,1,10.0,DA_CDF,D3,qc_only_not_robust_with_5yr_reference
2017,2,8.116033,DA_CDF,D3,qc_only_not_robust_with_5yr_reference
2017,3,8.752339,DA_CDF,D3,qc_only_not_robust_with_5yr_reference
2017,4,20.8796,DA_CDF,D3,qc_only_not_robust_with_5yr_reference
2017,5,25.483469,DA_CDF,D3,qc_only_not_robust_with_5yr_reference
2017,6,19.207735,DA_CDF,D3,qc_only_not_robust_with_5yr_reference
2017,7,18.321898,DA_CDF,D3,qc_only_not_robust_with_5yr_reference
2017,8,14.160948,DA_CDF,D3,qc_only_not_robust_with_5yr_reference
2017,9,25.252651,DA_CDF,D3,qc_only_not_robust_with_5yr_reference
2017,10,23.817842,DA_CDF,D3,qc_only_not_robust_with_5yr_reference
2017,11,36.743607,DA_CDF,D3,qc_only_not_robust_with_5yr_reference
2017,12,27.673113,DA_CDF,D3,qc_only_not_robust_with_5yr_reference
2018,1,21.110418,DA_CDF,D3,qc_only_not_robust_with_5yr_reference
2018,2,23.49345,DA_CDF,D3,qc_only_not_robust_with_5yr_reference
2018,3,25.595757,DA_CDF,D3,qc_only_not_robust_with_5yr_reference
2018,4,35.73924,DA_CDF,D3,qc_only_not_robust_with_5yr_reference
2018,5,30.29944,DA_CDF,D3,qc_only_not_robust_with_5yr_reference
2018,6,31.752962,DA_CDF,D3,qc_only_not_robust_with_5yr_reference
2018,7,33.412354,DA_CDF,D3,qc_only_not_robust_with_5yr_reference
2018,8,29.064257,DA_CDF,D3,qc_only_not_robust_with_5yr_reference
2018,9,33.93013,DA_CDF,D3,qc_only_not_robust_with_5yr_reference
2018,10,35.751717,DA_CDF,D3,qc_only_not_robust_with_5yr_reference
2018,11,29.881472,DA_CDF,D3,qc_only_not_robust_with_5yr_reference
2018,12,38.989395,DA_CDF,D3,qc_only_not_robust_with_5yr_reference
2019,1,47.56082,DA_CDF,D3,qc_only_not_robust_with_5yr_reference
2019,2,54.061134,DA_CDF,D3,qc_only_not_robust_with_5yr_reference
2019,3,59.376167,DA_CDF,D3,qc_only_not_robust_with_5yr_reference
2019,4,54.160946,DA_CDF,D3,qc_only_not_robust_with_5yr_reference
2019,5,65.53338,DA_CDF,D3,qc_only_not_robust_with_5yr_reference
2019,6,58.976917,DA_CDF,D3,qc_only_not_robust_with_5yr_reference
2019,7,52.407986,DA_CDF,D3,qc_only_not_robust_with_5yr_reference
2019,8,48.927013,DA_CDF,D3,qc_only_not_robust_with_5yr_reference
2019,9,47.89769,DA_CDF,D3,qc_only_not_robust_with_5yr_reference
2019,10,52.32065,DA_CDF,D3,qc_only_not_robust_with_5yr_reference
2019,11,45.658142,DA_CDF,D3,qc_only_not_robust_with_5yr_reference
2019,12,53.34373,DA_CDF,D3,qc_only_not_robust_with_5yr_reference
2020,1,56.044918,DA_CDF,D3,qc_only_not_robust_with_5yr_reference
2020,2,56.560844,DA_CDF,D3,qc_only_not_robust_with_5yr_reference
2020,3,65.938866,DA_CDF,D3,qc_only_not_robust_with_5yr_reference
2020,4,54.01123,DA_CDF,D3,qc_only_not_robust_with_5yr_reference
2020,5,55.87024,DA_CDF,D3,qc_only_not_robust_with_5yr_reference
2020,6,50.973175,DA_CDF,D3,qc_only_not_robust_with_5yr_reference
2020,7,48.134747,DA_CDF,D3,qc_only_not_robust_with_5yr_reference
2020,8,47.660637,DA_CDF,D3,qc_only_not_robust_with_5yr_reference
2020,9,49.38865,DA_CDF,D3,qc_only_not_robust_with_5yr_reference
2020,10,50.792267,DA_CDF,D3,qc_only_not_robust_with_5yr_reference
2020,11,43.842796,DA_CDF,D3,qc_only_not_robust_with_5yr_reference
2020,12,52.31441,DA_CDF,D3,qc_only_not_robust_with_5yr_reference
2016,1,62.61194,DA_CDF,D4,qc_only_not_robust_with_5yr_reference
2016,2,49.690098,DA_CDF,D4,qc_only_not_robust_with_5yr_reference
2016,3,30.280724,DA_CDF,D4,qc_only_not_robust_with_5yr_reference
2016,4,33.537117,DA_CDF,D4,qc_only_not_robust_with_5yr_reference
2016,5,26.556456,DA_CDF,D4,qc_only_not_robust_with_5yr_reference
2016,6,23.287586,DA_CDF,D4,qc_only_not_robust_with_5yr_reference
2016,7,17.779163,DA_CDF,D4,qc_only_not_robust_with_5yr_reference
2016,8,15.502183,DA_CDF,D4,qc_only_not_robust_with_5yr_reference
2016,9,17.055521,DA_CDF,D4,qc_only_not_robust_with_5yr_reference
2016,10,17.60449,DA_CDF,D4,qc_only_not_robust_with_5yr_reference
2016,11,14.709918,DA_CDF,D4,qc_only_not_robust_with_5yr_reference
2016,12,8.689957,DA_CDF,D4,qc_only_not_robust_with_5yr_reference
2017,1,10.0,DA_CDF,D4,qc_only_not_robust_with_5yr_reference
2017,2,8.116033,DA_CDF,D4,qc_only_not_robust_with_5yr_reference
2017,3,8.752339,DA_CDF,D4,qc_only_not_robust_with_5yr_reference
2017,4,20.8796,DA_CDF,D4,qc_only_not_robust_with_5yr_reference
2017,5,25.483469,DA_CDF,D4,qc_only_not_robust_with_5yr_reference
2017,6,19.207735,DA_CDF,D4,qc_only_not_robust_with_5yr_reference
2017,7,18.321898,DA_CDF,D4,qc_only_not_robust_with_5yr_reference
2017,8,14.160948,DA_CDF,D4,qc_only_not_robust_with_5yr_reference
2017,9,25.252651,DA_CDF,D4,qc_only_not_robust_with_5yr_reference
2017,10,23.817842,DA_CDF,D4,qc_only_not_robust_with_5yr_reference
2017,11,36.743607,DA_CDF,D4,qc_only_not_robust_with_5yr_reference
2017,12,27.673113,DA_CDF,D4,qc_only_not_robust_with_5yr_reference
2018,1,21.110418,DA_CDF,D4,qc_only_not_robust_with_5yr_reference
2018,2,23.49345,DA_CDF,D4,qc_only_not_robust_with_5yr_reference
2018,3,25.595757,DA_CDF,D4,qc_only_not_robust_with_5yr_reference
2018,4,35.73924,DA_CDF,D4,qc_only_not_robust_with_5yr_reference
2018,5,30.29944,DA_CDF,D4,qc_only_not_robust_with_5yr_reference
2018,6,31.752962,DA_CDF,D4,qc_only_not_robust_with_5yr_reference
2018,7,33.412354,DA_CDF,D4,qc_only_not_robust_with_5yr_reference
2018,8,29.064257,DA_CDF,D4,qc_only_not_robust_with_5yr_reference
2018,9,33.93013,DA_CDF,D4,qc_only_not_robust_with_5yr_reference
2018,10,35.751717,DA_CDF,D4,qc_only_not_robust_with_5yr_reference
2018,11,29.881472,DA_CDF,D4,qc_only_not_robust_with_5yr_reference
2018,12,38.989395,DA_CDF,D4,qc_only_not_robust_with_5yr_reference
2019,1,47.56082,DA_CDF,D4,qc_only_not_robust_with_5yr_reference
2019,2,54.061134,DA_CDF,D4,qc_only_not_robust_with_5yr_reference
2019,3,59.376167,DA_CDF,D4,qc_only_not_robust_with_5yr_reference
2019,4,54.160946,DA_CDF,D4,qc_only_not_robust_with_5yr_reference
2019,5,65.53338,DA_CDF,D4,qc_only_not_robust_with_5yr_reference
2019,6,58.976917,DA_CDF,D4,qc_only_not_robust_with_5yr_reference
2019,7,52.407986,DA_CDF,D4,qc_only_not_robust_with_5yr_reference
2019,8,48.927013,DA_CDF,D4,qc_only_not_robust_with_5yr_reference
2019,9,47.89769,DA_CDF,D4,qc_only_not_robust_with_5yr_reference
2019,10,52.32065,DA_CDF,D4,qc_only_not_robust_with_5yr_reference
2019,11,45.658142,DA_CDF,D4,qc_only_not_robust_with_5yr_reference
2019,12,53.34373,DA_CDF,D4,qc_only_not_robust_with_5yr_reference
2020,1,56.044918,DA_CDF,D4,qc_only_not_robust_with_5yr_reference
2020,2,56.560844,DA_CDF,D4,qc_only_not_robust_with_5yr_reference
2020,3,65.938866,DA_CDF,D4,qc_only_not_robust_with_5yr_reference
2020,4,54.01123,DA_CDF,D4,qc_only_not_robust_with_5yr_reference
2020,5,55.87024,DA_CDF,D4,qc_only_not_robust_with_5yr_reference
2020,6,50.973175,DA_CDF,D4,qc_only_not_robust_with_5yr_reference
2020,7,48.134747,DA_CDF,D4,qc_only_not_robust_with_5yr_reference
2020,8,47.660637,DA_CDF,D4,qc_only_not_robust_with_5yr_reference
2020,9,49.38865,DA_CDF,D4,qc_only_not_robust_with_5yr_reference
2020,10,50.792267,DA_CDF,D4,qc_only_not_robust_with_5yr_reference
2020,11,43.842796,DA_CDF,D4,qc_only_not_robust_with_5yr_reference
2020,12,52.31441,DA_CDF,D4,qc_only_not_robust_with_5yr_reference
