year,month,dry_category,DA_CDF,DA_NoCDF,OPL,delta_nocdf_minus_opl,delta_cdf_minus_opl
2016,1,D0,80.25587,77.55864,72.089554,5.4690857,8.166313
2016,1,D1,73.46481,71.53518,50.52239,21.01279,22.942425
2016,1,D2,62.61194,60.554375,50.52239,10.031986,12.08955
2016,1,D3,62.61194,60.554375,0.0,60.554375,62.61194
2016,1,D4,62.61194,60.554375,0.0,60.554375,62.61194
2016,2,D0,66.92366,66.09222,70.39304,-4.300827,-3.4693832
2016,2,D1,60.38549,60.090702,43.43915,16.65155,16.946339
2016,2,D2,49.690098,50.128494,43.43915,6.6893425,6.250946
2016,2,D3,49.690098,50.128494,0.0,50.128494,49.690098
2016,2,D4,49.690098,50.128494,0.0,50.128494,49.690098
2016,3,D0,46.419216,49.500935,47.12414,2.376793,-0.70492554
2016,3,D1,37.885216,42.782284,19.313787,23.468496,18.571428
2016,3,D2,30.280724,36.94947,19.313787,17.635683,10.966936
2016,3,D3,30.280724,36.94947,0.0,36.94947,30.280724
2016,3,D4,30.280724,36.94947,0.0,36.94947,30.280724
2016,4,D0,51.328762,60.511543,57.298817,3.2127266,-5.9700546
2016,4,D1,42.127262,55.140366,33.16906,21.971306,8.958202
2016,4,D2,33.537117,48.73986,33.16906,15.570801,0.36805725
2016,4,D3,33.537117,48.73986,0.0,48.73986,33.537117
2016,4,D4,33.537117,48.73986,0.0,48.73986,33.537117
2016,5,D0,36.375546,50.155956,31.79663,18.359325,4.5789146
2016,5,D1,31.14161,45.83905,16.768559,29.070492,14.373051
2016,5,D2,26.556456,42.227074,16.768559,25.458515,9.787897
2016,5,D3,26.556456,42.227074,0.0,42.227074,26.556456
2016,5,D4,26.556456,42.227074,0.0,42.227074,26.556456
2016,6,D0,32.61385,43.686836,31.915157,11.771679,0.6986923
2016,6,D1,28.009981,39.92514,18.771053,21.154087,9.238928
2016,6,D2,23.287586,36.444168,18.771053,17.673115,4.516533
2016,6,D3,23.287586,36.444168,0.0,36.444168,23.287586
2016,6,D4,23.287586,36.444168,0.0,36.444168,23.287586
2016,7,D0,26.61884,33.992516,26.232063,7.7604523,0.38677597
2016,7,D1,21.87149,30.087337,11.172801,18.914536,10.698689
2016,7,D2,17.779163,26.855894,11.172801,15.683093,6.6063623
2016,7,D3,17.779163,26.855894,0.0,26.855894,17.779163
2016,7,D4,17.779163,26.855894,0.0,26.855894,17.779163
2016,8,D0,24.8534,31.297567,26.406738,4.890829,-1.553339
2016,8,D1,19.719276,27.248907,13.562071,13.686836,6.1572056
2016,8,D2,15.502183,23.67436,13.562071,10.112289,1.9401121
2016,8,D3,15.502183,23.67436,0.0,23.67436,15.502183
2016,8,D4,15.502183,23.67436,0.0,23.67436,15.502183
2016,9,D0,29.744228,37.31129,28.116032,9.195259,1.6281967
2016,9,D1,22.86962,32.033688,10.792264,21.241425,12.077355
2016,9,D2,17.055521,26.65627,10.792264,15.864005,6.263257
2016,9,D3,17.055521,26.65627,0.0,26.65627,17.055521
2016,9,D4,17.055521,26.65627,0.0,26.65627,17.055521
2016,10,D0,28.702433,36.007484,24.578915,11.42857,4.123518
2016,10,D1,22.476606,31.634436,8.820961,22.813475,13.655645
2016,10,D2,17.60449,27.779165,8.820961,18.958204,8.783529
2016,10,D3,17.60449,27.779165,0.0,27.779165,17.60449
2016,10,D4,17.60449,27.779165,0.0,27.779165,17.60449
2016,11,D0,24.023706,38.2408,4.217093,34.023705,19.806614
2016,11,D1,18.714909,32.825954,0.3742982,32.451656,18.34061
2016,11,D2,14.709918,28.378042,0.3742982,28.003744,14.33562
2016,11,D3,14.709918,28.378042,0.0,28.378042,14.709918
2016,11,D4,14.709918,28.378042,0.0,28.378042,14.709918
2016,12,D0,12.738615,29.132875,0.1871491,28.945726,12.551466
2016,12,D1,10.40549,24.934498,0.03742982,24.897068,10.36806
2016,12,D2,8.689957,21.147846,0.03742982,21.110416,8.652527
2016,12,D3,8.689957,21.147846,0.0,21.147846,8.689957
2016,12,D4,8.689957,21.147846,0.0,21.147846,8.689957
2017,1,D0,13.499687,38.365562,0.23081721,38.134747,13.26887
2017,1,D1,11.509669,33.992516,0.106051154,33.886463,11.403618
2017,1,D2,10.0,30.417967,0.0062383036,30.411728,9.993762
2017,1,D3,10.0,30.417967,0.0,30.417967,10.0
2017,1,D4,10.0,30.417967,0.0,30.417967,10.0
2017,2,D0,11.0729885,39.26388,0.9170306,38.34685,10.155958
2017,2,D1,9.251404,33.905178,0.3742982,33.53088,8.877106
2017,2,D2,8.116033,29.918903,0.07485964,29.844044,8.041173
2017,2,D3,8.116033,29.918903,0.0,29.918903,8.116033
2017,2,D4,8.116033,29.918903,0.0,29.918903,8.116033
2017,3,D0,13.206488,48.484093,5.7080474,42.776047,7.4984403
2017,3,D1,10.424205,43.45602,2.4578915,40.99813,7.9663134
2017,3,D2,8.752339,39.145355,2.4578915,36.68746,6.294448
2017,3,D3,8.752339,39.145355,0.0,39.145355,8.752339
2017,3,D4,8.752339,39.145355,0.0,39.145355,8.752339
2017,4,D0,38.022457,71.09794,40.686214,30.411724,-2.6637573
2017,4,D1,27.373674,63.961323,13.537118,50.424206,13.836556
2017,4,D2,20.8796,57.24891,13.537118,43.711792,7.3424826
2017,4,D3,20.8796,57.24891,0.0,57.24891,20.8796
2017,4,D4,20.8796,57.24891,0.0,57.24891,20.8796
2017,5,D0,45.346226,70.9607,51.21023,19.75047,-5.864006
2017,5,D1,35.51466,64.34186,26.862133,37.479725,8.652527
2017,5,D2,25.483469,58.328133,26.862133,31.466,-1.378664
2017,5,D3,25.483469,58.328133,0.0,58.328133,25.483469
2017,5,D4,25.483469,58.328133,0.0,58.328133,25.483469
2017,6,D0,38.0786,61.11042,47.055523,14.054897,-8.976921
2017,6,D1,29.363691,54.716156,24.104803,30.611353,5.2588882
2017,6,D2,19.207735,48.122272,24.104803,24.01747,-4.897068
2017,6,D3,19.207735,48.122272,0.0,48.122272,19.207735
2017,6,D4,19.207735,48.122272,0.0,48.122272,19.207735
2017,7,D0,38.958202,56.30069,49.30755,6.993141,-10.349346
2017,7,D1,31.023083,50.929504,29.276356,21.653149,1.746727
2017,7,D2,18.321898,42.82595,29.276356,13.549595,-10.954458
2017,7,D3,18.321898,42.82595,0.0,42.82595,18.321898
2017,7,D4,18.321898,42.82595,0.0,42.82595,18.321898
2017,8,D0,30.474112,49.975048,46.993137,2.9819107,-16.519026
2017,8,D1,22.139738,44.435432,23.93637,20.499062,-1.7966328
2017,8,D2,14.160948,37.816593,23.93637,13.880222,-9.775423
2017,8,D3,14.160948,37.816593,0.0,37.816593,14.160948
2017,8,D4,14.160948,37.816593,0.0,37.816593,14.160948
2017,9,D0,45.00312,57.604492,57.049282,0.5552101,-12.046162
2017,9,D1,35.66438,51.47224,31.154087,20.318153,4.510292
2017,9,D2,25.252651,44.647537,31.154087,13.49345,-5.901436
2017,9,D3,25.252651,44.647537,0.0,44.647537,25.252651
2017,9,D4,25.252651,44.647537,0.0,44.647537,25.252651
2017,10,D0,41.06675,52.514034,47.055523,5.4585114,-5.9887733
2017,10,D1,32.950718,47.629444,23.480972,24.148472,9.469746
2017,10,D2,23.817842,41.2539,23.480972,17.772926,0.3368702
2017,10,D3,23.817842,41.2539,0.0,41.2539,23.817842
2017,10,D4,23.817842,41.2539,0.0,41.2539,23.817842
2017,11,D0,65.708046,70.18715,77.83531,-7.648163,-12.127266
2017,11,D1,55.820335,62.270744,53.805363,8.465382,2.0149727
2017,11,D2,36.749844,49.943855,53.805363,-3.8615074,-17.05552
2017,11,D3,36.743607,49.943855,0.0,49.943855,36.743607
2017,11,D4,36.743607,49.943855,0.0,49.943855,36.743607
2017,12,D0,49.058018,60.779785,60.979416,-0.19963074,-11.921398
2017,12,D1,36.3194,50.61135,28.471617,22.139734,7.847784
2017,12,D2,27.673113,42.75109,28.471617,14.279474,-0.7985039
2017,12,D3,27.673113,42.75109,0.0,42.75109,27.673113
2017,12,D4,27.673113,42.75109,0.0,42.75109,27.673113
2018,1,D0,34.46039,48.477856,28.041172,20.436684,6.419216
2018,1,D1,26.388021,41.7592,14.535247,27.223953,11.852775
2018,1,D2,21.110418,36.955708,5.84529,31.110416,15.265128
2018,1,D3,21.110418,36.955708,0.0,36.955708,21.110418
2018,1,D4,21.110418,36.955708,0.0,36.955708,21.110418
2018,2,D0,32.36432,44.391766,10.854648,33.537117,21.50967
2018,2,D1,27.049282,38.583904,4.1297565,34.454147,22.919525
2018,2,D2,23.49345,34.728634,1.5096693,33.218964,21.98378
2018,2,D3,23.49345,34.728634,0.0,34.728634,23.49345
2018,2,D4,23.49345,34.728634,0.0,34.728634,23.49345
2018,3,D0,32.83843,48.08484,9.04554,39.0393,23.792889
2018,3,D1,28.90206,44.366814,2.8883343,41.478477,26.013725
2018,3,D2,25.595757,40.679977,2.8883343,37.79164,22.707422
2018,3,D3,25.595757,40.679977,0.0,40.679977,25.595757
2018,3,D4,25.595757,40.679977,0.0,40.679977,25.595757
2018,4,D0,48.78353,61.528385,27.074236,34.454147,21.709295
2018,4,D1,42.008736,56.18216,15.321273,40.860886,26.687462
2018,4,D2,35.73924,51.453526,15.321273,36.13225,20.417965
2018,4,D3,35.73924,51.447285,0.0,51.447285,35.73924
2018,4,D4,35.73924,51.447285,0.0,51.447285,35.73924
2018,5,D0,38.79601,55.396133,11.603244,43.79289,27.192764
2018,5,D1,34.092327,50.985653,5.714286,45.271366,28.37804
2018,5,D2,30.29944,47.011852,5.714286,41.297565,24.585155
2018,5,D3,30.29944,47.011852,0.0,47.011852,30.29944
2018,5,D4,30.29944,47.011852,0.0,47.011852,30.29944
2018,6,D0,41.428574,57.01809,16.481598,40.53649,24.946976
2018,6,D1,36.4005,52.83219,7.411104,45.42109,28.989397
2018,6,D2,31.752962,48.78977,7.411104,41.378662,24.341858
2018,6,D3,31.752962,48.78977,0.0,48.78977,31.752962
2018,6,D4,31.752962,48.78977,0.0,48.78977,31.752962
2018,7,D0,43.45602,56.09482,21.584528,34.510292,21.871492
2018,7,D1,38.421707,52.38927,12.800998,39.588272,25.620708
2018,7,D2,33.412354,48.577667,12.800998,35.77667,20.611355
2018,7,D3,33.412354,48.577667,0.0,48.577667,33.412354
2018,7,D4,33.412354,48.577667,0.0,48.577667,33.412354
2018,8,D0,38.78977,50.22458,15.826575,34.398003,22.963192
2018,8,D1,33.75546,46.444164,8.01622,38.427944,25.739239
2018,8,D2,29.064257,42.607613,8.01622,34.591393,21.048037
2018,8,D3,29.064257,42.607613,0.0,42.607613,29.064257
2018,8,D4,29.064257,42.607613,0.0,42.607613,29.064257
2018,9,D0,44.3481,51.915157,9.064254,42.850903,35.283844
2018,9,D1,39.301308,48.37804,4.148472,44.22957,35.152836
2018,9,D2,33.93013,44.366814,4.148472,40.21834,29.781658
2018,9,D3,33.93013,44.366814,0.0,44.366814,33.93013
2018,9,D4,33.93013,44.366814,0.0,44.366814,33.93013
2018,10,D0,41.640675,49.96257,4.4791017,45.483467,37.16157
2018,10,D1,38.68372,47.542107,1.9151591,45.62695,36.768562
2018,10,D2,35.751717,45.277603,1.9151591,43.362446,33.83656
2018,10,D3,35.751717,45.277603,0.0,45.277603,35.751717
2018,10,D4,35.751717,45.277603,0.0,45.277603,35.751717
2018,11,D0,37.149094,45.321274,1.3724266,43.94885,35.77667
2018,11,D1,33.3063,43.044292,0.49282596,42.551468,32.813477
2018,11,D2,29.881472,40.736122,0.49282596,40.243298,29.388645
2018,11,D3,29.881472,40.736122,0.0,40.736122,29.881472
2018,11,D4,29.881472,40.736122,0.0,40.736122,29.881472
2018,12,D0,47.043045,55.202747,9.195259,46.00749,37.847786
2018,12,D1,42.71366,52.451653,1.6531503,50.798504,41.060513
2018,12,D2,38.989395,49.93762,1.6531503,48.28447,37.336246
2018,12,D3,38.989395,49.93762,0.0,49.93762,38.989395
2018,12,D4,38.989395,49.93762,0.0,49.93762,38.989395
2019,1,D0,56.650032,58.995636,16.737368,42.25827,39.912666
2019,1,D1,51.621964,55.570805,7.3799124,48.19089,44.24205
2019,1,D2,47.56082,53.187775,1.1665628,52.021214,46.39426
2019,1,D3,47.56082,53.187775,0.0,53.187775,47.56082
2019,1,D4,47.56082,53.187775,0.0,53.187775,47.56082
2019,2,D0,64.99064,63.568314,40.85465,22.713665,24.13599
2019,2,D1,59.01435,58.90206,22.1335,36.768562,36.88085
2019,2,D2,54.061134,55.75795,7.585777,48.172173,46.475357
2019,2,D3,54.061134,55.75795,0.0,55.75795,54.061134
2019,2,D4,54.061134,55.75795,0.0,55.75795,54.061134
2019,3,D0,74.335625,75.72676,53.006863,22.719898,21.328762
2019,3,D1,66.007484,67.90393,17.829071,50.07486,48.178413
2019,3,D2,59.376167,61.752964,17.829071,43.923893,41.547096
2019,3,D3,59.376167,61.752964,0.0,61.752964,59.376167
2019,3,D4,59.376167,61.752964,0.0,61.752964,59.376167
2019,4,D0,70.056145,74.12352,28.159702,45.963818,41.896442
2019,4,D1,61.384903,68.21585,8.64005,59.5758,52.744854
2019,4,D2,54.160946,61.765438,8.64005,53.12539,45.520897
2019,4,D3,54.160946,61.765438,0.0,61.765438,54.160946
2019,4,D4,54.160946,61.765438,0.0,61.765438,54.160946
2019,5,D0,80.293205,83.59326,64.44791,19.145355,15.845299
2019,5,D1,73.67436,79.638176,26.75608,52.882095,46.91828
2019,5,D2,65.53338,73.76794,26.75608,47.011856,38.777298
2019,5,D3,65.53338,73.76794,0.0,73.76794,65.53338
2019,5,D4,65.53338,73.76794,0.0,73.76794,65.53338
2019,6,D0,75.95135,78.93325,66.812225,12.121025,9.139122
2019,6,D1,68.4529,74.185905,28.702433,45.483475,39.750473
2019,6,D2,58.976917,67.59825,28.702433,38.89582,30.274485
2019,6,D3,58.976917,67.59825,0.0,67.59825,58.976917
2019,6,D4,58.976917,67.59825,0.0,67.59825,58.976917
2019,7,D0,67.77917,71.8403,64.865875,6.9744263,2.913292
2019,7,D1,60.18715,66.59389,26.562695,40.031193,33.624454
2019,7,D2,52.407986,61.37243,26.562695,34.809734,25.845291
2019,7,D3,52.407986,61.37243,0.0,61.37243,52.407986
2019,7,D4,52.407986,61.37243,0.0,61.37243,52.407986
2019,8,D0,63.574547,66.65003,64.08609,2.563942,-0.5115433
2019,8,D1,56.718655,62.183403,28.646288,33.537117,28.072367
2019,8,D2,48.927013,56.986897,28.646288,28.340609,20.280725
2019,8,D3,48.927013,56.986897,0.0,56.986897,48.927013
2019,8,D4,48.927013,56.986897,0.0,56.986897,48.927013
2019,9,D0,61.996258,63.0131,54.19214,8.820961,7.804119
2019,9,D1,55.77043,58.89582,19.320024,39.575798,36.45041
2019,9,D2,47.89769,54.02994,19.320024,34.709915,28.577665
2019,9,D3,47.89769,54.02994,0.0,54.02994,47.89769
2019,9,D4,47.89769,54.02994,0.0,54.02994,47.89769
2019,10,D0,65.71429,64.68497,63.025578,1.6593895,2.6887093
2019,10,D1,59.50717,60.661263,32.1335,28.527763,27.373672
2019,10,D2,52.32065,56.519024,32.1335,24.385525,20.18715
2019,10,D3,52.32065,56.519024,0.0,56.519024,52.32065
2019,10,D4,52.32065,56.519024,0.0,56.519024,52.32065
2019,11,D0,63.3874,63.456024,67.804115,-4.348091,-4.4167137
2019,11,D1,52.82595,56.4005,26.980663,29.419838,25.845287
2019,11,D2,45.658142,51.397377,26.980663,24.416714,18.677479
2019,11,D3,45.658142,51.397377,0.0,51.397377,45.658142
2019,11,D4,45.658142,51.397377,0.0,51.397377,45.658142
2019,12,D0,69.81285,68.066124,67.40487,0.6612549,2.4079819
2019,12,D1,63.01934,63.23768,39.912666,23.325012,23.106674
2019,12,D2,53.34373,57.17405,39.912666,17.261383,13.431065
2019,12,D3,53.34373,57.17405,0.0,57.17405,53.34373
2019,12,D4,53.34373,57.17405,0.0,57.17405,53.34373
2020,1,D0,74.32314,69.95009,71.32252,-1.3724289,3.0006256
2020,1,D1,64.04866,63.505924,48.41547,15.090454,15.63319
2020,1,D2,56.044918,57.87898,21.933874,35.945107,34.111046
2020,1,D3,56.044918,57.87898,0.0,57.87898,56.044918
2020,1,D4,56.044918,57.87898,0.0,57.87898,56.044918
2020,2,D0,76.74982,71.51172,87.0068,-15.495079,-10.256981
2020,2,D1,64.59562,62.312923,45.449738,16.863186,19.145882
2020,2,D2,56.560844,56.439907,45.449738,10.99017,11.111107
2020,2,D3,56.560844,56.439907,0.0,56.439907,56.560844
2020,2,D4,56.560844,56.439907,0.0,56.439907,56.560844
2020,3,D0,83.13786,80.57392,85.11541,-4.5414886,-1.9775467
2020,3,D1,77.40487,74.946976,57.510918,17.436058,19.893951
2020,3,D2,65.938866,66.937,57.510918,9.426079,8.427948
2020,3,D3,65.938866,66.937,0.0,66.937,65.938866
2020,3,D4,65.938866,66.937,0.0,66.937,65.938866
2020,4,D0,69.03931,75.402374,46.781036,28.621338,22.25827
2020,4,D1,62.925762,70.630066,29.3325,41.297565,33.59326
2020,4,D2,54.01123,64.23581,29.3325,34.90331,24.67873
2020,4,D3,54.01123,64.23581,0.0,64.23581,54.01123
2020,4,D4,54.01123,64.23581,0.0,64.23581,54.01123
2020,5,D0,65.99501,72.2645,40.941982,31.322521,25.053028
2020,5,D1,61.04804,68.67748,23.89894,44.77854,37.1491
2020,5,D2,55.87024,64.87835,23.89894,40.97941,31.9713
2020,5,D3,55.87024,64.87835,0.0,64.87835,55.87024
2020,5,D4,55.87024,64.87835,0.0,64.87835,55.87024
2020,6,D0,59.282597,65.3088,37.735497,27.573303,21.5471
2020,6,D1,55.339985,62.23331,21.010605,41.222706,34.32938
2020,6,D2,50.973175,59.282597,21.010605,38.27199,29.96257
2020,6,D3,50.973175,59.282597,0.0,59.282597,50.973175
2020,6,D4,50.973175,59.282597,0.0,59.282597,50.973175
2020,7,D0,56.21335,59.775425,38.00998,21.765446,18.20337
2020,7,D1,52.401745,57.074238,20.18715,36.88709,32.214596
2020,7,D2,48.134747,54.054897,20.18715,33.86775,27.947598
2020,7,D3,48.134747,54.054897,0.0,54.054897,48.134747
2020,7,D4,48.134747,54.054897,0.0,54.054897,48.134747
2020,8,D0,54.971928,56.76232,46.68746,10.07486,8.284466
2020,8,D1,51.64067,54.37929,25.839052,28.54024,25.801619
2020,8,D2,47.660637,51.890205,25.839052,26.051153,21.821585
2020,8,D3,47.660637,51.890205,0.0,51.890205,47.660637
2020,8,D4,47.660637,51.890205,0.0,51.890205,47.660637
2020,9,D0,57.729256,58.427948,51.57829,6.849659,6.1509666
2020,9,D1,54.17966,55.58328,34.585155,20.998123,19.594505
2020,9,D2,49.38865,52.60761,34.585155,18.022453,14.8034935
2020,9,D3,49.38865,52.60761,0.0,52.60761,49.38865
2020,9,D4,49.38865,52.60761,0.0,52.60761,49.38865
2020,10,D0,60.81722,60.349346,60.860886,-0.51153946,-0.04366684
2020,10,D1,56.313164,56.743603,33.64941,23.094193,22.663754
2020,10,D2,50.792267,52.757328,33.64941,19.107918,17.142857
2020,10,D3,50.792267,52.757328,0.0,52.757328,50.792267
2020,10,D4,50.792267,52.757328,0.0,52.757328,50.792267
2020,11,D0,61.116653,63.49345,48.771053,14.722397,12.3456
2020,11,D1,51.15409,55.626945,18.34685,37.280098,32.807243
2020,11,D2,43.842796,49.868996,18.34685,31.522146,25.495947
2020,11,D3,43.842796,49.868996,0.0,49.868996,43.842796
2020,11,D4,43.842796,49.868996,0.0,49.868996,43.842796
2020,12,D0,70.00624,68.32813,62.23331,6.094822,7.77293
2020,12,D1,61.303806,61.522144,29.92514,31.597004,31.378666
2020,12,D2,52.31441,55.458515,29.92514,25.533375,22.38927
2020,12,D3,52.31441,55.458515,0.0,55.458515,52.31441
2020,12,D4,52.31441,55.458515,0.0,55.458515,52.31441
